{
  "openapi": "3.0.0",
  "info": {
    "title": "pokemon-parte3",
    "version": "0.0.1",
    "description": "Pokemon Parte3",
    "contact": {
      "name": "Rafael",
      "email": "a042611@umaia.pt"
    }
  },
  "paths": {
    "/ping": {
      "get": {
        "x-controller-name": "PingController",
        "x-operation-name": "ping",
        "tags": [
          "PingController"
        ],
        "responses": {
          "200": {
            "description": "Ping Response",
            "content": {
              "application/json": {
                "schema": {
                  "$ref": "#/components/schemas/PingResponse"
                }
              }
            }
          }
        },
        "operationId": "PingController.ping"
      }
    },
    "/pokemon/count": {
      "get": {
        "x-controller-name": "PokemonController",
        "x-operation-name": "count",
        "tags": [
          "PokemonController"
        ],
        "responses": {
          "200": {
            "description": "Pokemon model count",
            "content": {
              "application/json": {
                "schema": {
                  "$ref": "#/components/schemas/loopback.Count"
                }
              }
            }
          }
        },
        "parameters": [
          {
            "name": "where",
            "in": "query",
            "content": {
              "application/json": {
                "schema": {
                  "type": "object",
                  "title": "Pokemon.WhereFilter",
                  "additionalProperties": true,
                  "x-typescript-type": "@loopback/repository#Where<Pokemon>"
                }
              }
            }
          }
        ],
        "operationId": "PokemonController.count"
      }
    },
    "/pokemon/{id}/tipo1": {
      "get": {
        "x-controller-name": "PokemonTipoController",
        "x-operation-name": "getTipo1",
        "tags": [
          "PokemonTipoController"
        ],
        "responses": {
          "200": {
            "description": "Tipo belonging to Pokemon",
            "content": {
              "application/json": {
                "schema": {
                  "$ref": "#/components/schemas/Tipo"
                }
              }
            }
          }
        },
        "parameters": [
          {
            "name": "id",
            "in": "path",
            "schema": {
              "type": "number"
            },
            "required": true
          }
        ],
        "operationId": "PokemonTipoController.getTipo1"
      }
    },
    "/pokemon/{id}/tipo2": {
      "get": {
        "x-controller-name": "PokemonTipoController",
        "x-operation-name": "getTipo2",
        "tags": [
          "PokemonTipoController"
        ],
        "responses": {
          "200": {
            "description": "Tipo belonging to Pokemon",
            "content": {
              "application/json": {
                "schema": {
                  "$ref": "#/components/schemas/Tipo"
                }
              }
            }
          }
        },
        "parameters": [
          {
            "name": "id",
            "in": "path",
            "schema": {
              "type": "number"
            },
            "required": true
          }
        ],
        "operationId": "PokemonTipoController.getTipo2"
      }
    },
    "/pokemon/{id}": {
      "put": {
        "x-controller-name": "PokemonController",
        "x-operation-name": "replaceById",
        "tags": [
          "PokemonController"
        ],
        "responses": {
          "204": {
            "description": "No Content",
            "content": {
              "application/json": {
                "schema": {
                  "description": "Pokemon PUT success"
                }
              }
            }
          }
        },
        "parameters": [
          {
            "name": "id",
            "in": "path",
            "schema": {
              "type": "number"
            },
            "required": true
          }
        ],
        "requestBody": {
          "content": {
            "application/json": {
              "schema": {
                "$ref": "#/components/schemas/Pokemon"
              }
            }
          },
          "x-parameter-index": 1
        },
        "operationId": "PokemonController.replaceById"
      },
      "patch": {
        "x-controller-name": "PokemonController",
        "x-operation-name": "updateById",
        "tags": [
          "PokemonController"
        ],
        "responses": {
          "204": {
            "description": "No Content",
            "content": {
              "application/json": {
                "schema": {
                  "description": "Pokemon PATCH success"
                }
              }
            }
          }
        },
        "parameters": [
          {
            "name": "id",
            "in": "path",
            "schema": {
              "type": "number"
            },
            "required": true
          }
        ],
        "requestBody": {
          "content": {
            "application/json": {
              "schema": {
                "$ref": "#/components/schemas/PokemonPartial"
              }
            }
          },
          "x-parameter-index": 1
        },
        "operationId": "PokemonController.updateById"
      },
      "get": {
        "x-controller-name": "PokemonController",
        "x-operation-name": "findById",
        "tags": [
          "PokemonController"
        ],
        "responses": {
          "200": {
            "description": "Pokemon model instance",
            "content": {
              "application/json": {
                "schema": {
                  "$ref": "#/components/schemas/PokemonWithRelations"
                }
              }
            }
          }
        },
        "parameters": [
          {
            "name": "id",
            "in": "path",
            "schema": {
              "type": "number"
            },
            "required": true
          },
          {
            "name": "filter",
            "in": "query",
            "content": {
              "application/json": {
                "schema": {
                  "$ref": "#/components/schemas/Pokemon.Filter"
                }
              }
            }
          }
        ],
        "operationId": "PokemonController.findById"
      },
      "delete": {
        "x-controller-name": "PokemonController",
        "x-operation-name": "deleteById",
        "tags": [
          "PokemonController"
        ],
        "responses": {
          "204": {
            "description": "No Content",
            "content": {
              "application/json": {
                "schema": {
                  "description": "Pokemon DELETE success"
                }
              }
            }
          }
        },
        "parameters": [
          {
            "name": "id",
            "in": "path",
            "schema": {
              "type": "number"
            },
            "required": true
          }
        ],
        "operationId": "PokemonController.deleteById"
      }
    },
    "/pokemon": {
      "post": {
        "x-controller-name": "PokemonController",
        "x-operation-name": "create",
        "tags": [
          "PokemonController"
        ],
        "responses": {
          "200": {
            "description": "Pokemon model instance",
            "content": {
              "application/json": {
                "schema": {
                  "$ref": "#/components/schemas/Pokemon"
                }
              }
            }
          }
        },
        "requestBody": {
          "content": {
            "application/json": {
              "schema": {
                "$ref": "#/components/schemas/NewPokemon"
              }
            }
          }
        },
        "operationId": "PokemonController.create"
      },
      "patch": {
        "x-controller-name": "PokemonController",
        "x-operation-name": "updateAll",
        "tags": [
          "PokemonController"
        ],
        "responses": {
          "200": {
            "description": "Pokemon PATCH success count",
            "content": {
              "application/json": {
                "schema": {
                  "$ref": "#/components/schemas/loopback.Count"
                }
              }
            }
          }
        },
        "parameters": [
          {
            "name": "where",
            "in": "query",
            "content": {
              "application/json": {
                "schema": {
                  "type": "object",
                  "title": "Pokemon.WhereFilter",
                  "additionalProperties": true,
                  "x-typescript-type": "@loopback/repository#Where<Pokemon>"
                }
              }
            }
          }
        ],
        "requestBody": {
          "content": {
            "application/json": {
              "schema": {
                "$ref": "#/components/schemas/PokemonPartial"
              }
            }
          }
        },
        "operationId": "PokemonController.updateAll"
      },
      "get": {
        "x-controller-name": "PokemonController",
        "x-operation-name": "find",
        "tags": [
          "PokemonController"
        ],
        "responses": {
          "200": {
            "description": "Array of Pokemon model instances",
            "content": {
              "application/json": {
                "schema": {
                  "type": "array",
                  "items": {
                    "$ref": "#/components/schemas/PokemonWithRelations"
                  }
                }
              }
            }
          }
        },
        "parameters": [
          {
            "name": "filter",
            "in": "query",
            "content": {
              "application/json": {
                "schema": {
                  "$ref": "#/components/schemas/Pokemon.Filter1"
                }
              }
            }
          }
        ],
        "operationId": "PokemonController.find"
      }
    },
    "/teams/count": {
      "get": {
        "x-controller-name": "TeamsController",
        "x-operation-name": "count",
        "tags": [
          "TeamsController"
        ],
        "responses": {
          "200": {
            "description": "Teams model count",
            "content": {
              "application/json": {
                "schema": {
                  "$ref": "#/components/schemas/loopback.Count"
                }
              }
            }
          }
        },
        "parameters": [
          {
            "name": "where",
            "in": "query",
            "content": {
              "application/json": {
                "schema": {
                  "type": "object",
                  "title": "Teams.WhereFilter",
                  "additionalProperties": true,
                  "x-typescript-type": "@loopback/repository#Where<Teams>"
                }
              }
            }
          }
        ],
        "operationId": "TeamsController.count"
      }
    },
    "/teams/{id}": {
      "put": {
        "x-controller-name": "TeamsController",
        "x-operation-name": "replaceById",
        "tags": [
          "TeamsController"
        ],
        "responses": {
          "204": {
            "description": "No Content",
            "content": {
              "application/json": {
                "schema": {
                  "description": "Teams PUT success"
                }
              }
            }
          }
        },
        "parameters": [
          {
            "name": "id",
            "in": "path",
            "schema": {
              "type": "number"
            },
            "required": true
          }
        ],
        "requestBody": {
          "content": {
            "application/json": {
              "schema": {
                "$ref": "#/components/schemas/Teams"
              }
            }
          },
          "x-parameter-index": 1
        },
        "operationId": "TeamsController.replaceById"
      },
      "patch": {
        "x-controller-name": "TeamsController",
        "x-operation-name": "updateById",
        "tags": [
          "TeamsController"
        ],
        "responses": {
          "204": {
            "description": "No Content",
            "content": {
              "application/json": {
                "schema": {
                  "description": "Teams PATCH success"
                }
              }
            }
          }
        },
        "parameters": [
          {
            "name": "id",
            "in": "path",
            "schema": {
              "type": "number"
            },
            "required": true
          }
        ],
        "requestBody": {
          "content": {
            "application/json": {
              "schema": {
                "$ref": "#/components/schemas/TeamsPartial"
              }
            }
          },
          "x-parameter-index": 1
        },
        "operationId": "TeamsController.updateById"
      },
      "get": {
        "x-controller-name": "TeamsController",
        "x-operation-name": "findById",
        "tags": [
          "TeamsController"
        ],
        "responses": {
          "200": {
            "description": "Teams model instance",
            "content": {
              "application/json": {
                "schema": {
                  "$ref": "#/components/schemas/TeamsWithRelations"
                }
              }
            }
          }
        },
        "parameters": [
          {
            "name": "id",
            "in": "path",
            "schema": {
              "type": "number"
            },
            "required": true
          },
          {
            "name": "filter",
            "in": "query",
            "content": {
              "application/json": {
                "schema": {
                  "$ref": "#/components/schemas/Teams.Filter"
                }
              }
            }
          }
        ],
        "operationId": "TeamsController.findById"
      },
      "delete": {
        "x-controller-name": "TeamsController",
        "x-operation-name": "deleteById",
        "tags": [
          "TeamsController"
        ],
        "responses": {
          "204": {
            "description": "No Content",
            "content": {
              "application/json": {
                "schema": {
                  "description": "Teams DELETE success"
                }
              }
            }
          }
        },
        "parameters": [
          {
            "name": "id",
            "in": "path",
            "schema": {
              "type": "number"
            },
            "required": true
          }
        ],
        "operationId": "TeamsController.deleteById"
      }
    },
    "/teams": {
      "post": {
        "x-controller-name": "TeamsController",
        "x-operation-name": "create",
        "tags": [
          "TeamsController"
        ],
        "responses": {
          "200": {
            "description": "Teams model instance",
            "content": {
              "application/json": {
                "schema": {
                  "$ref": "#/components/schemas/Teams"
                }
              }
            }
          }
        },
        "requestBody": {
          "content": {
            "application/json": {
              "schema": {
                "$ref": "#/components/schemas/NewTeams"
              }
            }
          }
        },
        "operationId": "TeamsController.create"
      },
      "patch": {
        "x-controller-name": "TeamsController",
        "x-operation-name": "updateAll",
        "tags": [
          "TeamsController"
        ],
        "responses": {
          "200": {
            "description": "Teams PATCH success count",
            "content": {
              "application/json": {
                "schema": {
                  "$ref": "#/components/schemas/loopback.Count"
                }
              }
            }
          }
        },
        "parameters": [
          {
            "name": "where",
            "in": "query",
            "content": {
              "application/json": {
                "schema": {
                  "type": "object",
                  "title": "Teams.WhereFilter",
                  "additionalProperties": true,
                  "x-typescript-type": "@loopback/repository#Where<Teams>"
                }
              }
            }
          }
        ],
        "requestBody": {
          "content": {
            "application/json": {
              "schema": {
                "$ref": "#/components/schemas/TeamsPartial"
              }
            }
          }
        },
        "operationId": "TeamsController.updateAll"
      },
      "get": {
        "x-controller-name": "TeamsController",
        "x-operation-name": "find",
        "tags": [
          "TeamsController"
        ],
        "responses": {
          "200": {
            "description": "Array of Teams model instances",
            "content": {
              "application/json": {
                "schema": {
                  "type": "array",
                  "items": {
                    "$ref": "#/components/schemas/TeamsWithRelations"
                  }
                }
              }
            }
          }
        },
        "parameters": [
          {
            "name": "filter",
            "in": "query",
            "content": {
              "application/json": {
                "schema": {
                  "$ref": "#/components/schemas/Teams.Filter1"
                }
              }
            }
          }
        ],
        "operationId": "TeamsController.find"
      }
    },
    "/tipos/count": {
      "get": {
        "x-controller-name": "TipoController",
        "x-operation-name": "count",
        "tags": [
          "TipoController"
        ],
        "responses": {
          "200": {
            "description": "Tipo model count",
            "content": {
              "application/json": {
                "schema": {
                  "$ref": "#/components/schemas/loopback.Count"
                }
              }
            }
          }
        },
        "parameters": [
          {
            "name": "where",
            "in": "query",
            "content": {
              "application/json": {
                "schema": {
                  "type": "object",
                  "title": "Tipo.WhereFilter",
                  "additionalProperties": true,
                  "x-typescript-type": "@loopback/repository#Where<Tipo>"
                }
              }
            }
          }
        ],
        "operationId": "TipoController.count"
      }
    },
    "/tipos/{id}": {
      "put": {
        "x-controller-name": "TipoController",
        "x-operation-name": "replaceById",
        "tags": [
          "TipoController"
        ],
        "responses": {
          "204": {
            "description": "No Content",
            "content": {
              "application/json": {
                "schema": {
                  "description": "Tipo PUT success"
                }
              }
            }
          }
        },
        "parameters": [
          {
            "name": "id",
            "in": "path",
            "schema": {
              "type": "number"
            },
            "required": true
          }
        ],
        "requestBody": {
          "content": {
            "application/json": {
              "schema": {
                "$ref": "#/components/schemas/Tipo"
              }
            }
          },
          "x-parameter-index": 1
        },
        "operationId": "TipoController.replaceById"
      },
      "patch": {
        "x-controller-name": "TipoController",
        "x-operation-name": "updateById",
        "tags": [
          "TipoController"
        ],
        "responses": {
          "204": {
            "description": "No Content",
            "content": {
              "application/json": {
                "schema": {
                  "description": "Tipo PATCH success"
                }
              }
            }
          }
        },
        "parameters": [
          {
            "name": "id",
            "in": "path",
            "schema": {
              "type": "number"
            },
            "required": true
          }
        ],
        "requestBody": {
          "content": {
            "application/json": {
              "schema": {
                "$ref": "#/components/schemas/TipoPartial"
              }
            }
          },
          "x-parameter-index": 1
        },
        "operationId": "TipoController.updateById"
      },
      "get": {
        "x-controller-name": "TipoController",
        "x-operation-name": "findById",
        "tags": [
          "TipoController"
        ],
        "responses": {
          "200": {
            "description": "Tipo model instance",
            "content": {
              "application/json": {
                "schema": {
                  "$ref": "#/components/schemas/TipoWithRelations"
                }
              }
            }
          }
        },
        "parameters": [
          {
            "name": "id",
            "in": "path",
            "schema": {
              "type": "number"
            },
            "required": true
          },
          {
            "name": "filter",
            "in": "query",
            "content": {
              "application/json": {
                "schema": {
                  "$ref": "#/components/schemas/Tipo.Filter"
                }
              }
            }
          }
        ],
        "operationId": "TipoController.findById"
      },
      "delete": {
        "x-controller-name": "TipoController",
        "x-operation-name": "deleteById",
        "tags": [
          "TipoController"
        ],
        "responses": {
          "204": {
            "description": "No Content",
            "content": {
              "application/json": {
                "schema": {
                  "description": "Tipo DELETE success"
                }
              }
            }
          }
        },
        "parameters": [
          {
            "name": "id",
            "in": "path",
            "schema": {
              "type": "number"
            },
            "required": true
          }
        ],
        "operationId": "TipoController.deleteById"
      }
    },
    "/tipos": {
      "post": {
        "x-controller-name": "TipoController",
        "x-operation-name": "create",
        "tags": [
          "TipoController"
        ],
        "responses": {
          "200": {
            "description": "Tipo model instance",
            "content": {
              "application/json": {
                "schema": {
                  "$ref": "#/components/schemas/Tipo"
                }
              }
            }
          }
        },
        "requestBody": {
          "content": {
            "application/json": {
              "schema": {
                "$ref": "#/components/schemas/NewTipo"
              }
            }
          }
        },
        "operationId": "TipoController.create"
      },
      "patch": {
        "x-controller-name": "TipoController",
        "x-operation-name": "updateAll",
        "tags": [
          "TipoController"
        ],
        "responses": {
          "200": {
            "description": "Tipo PATCH success count",
            "content": {
              "application/json": {
                "schema": {
                  "$ref": "#/components/schemas/loopback.Count"
                }
              }
            }
          }
        },
        "parameters": [
          {
            "name": "where",
            "in": "query",
            "content": {
              "application/json": {
                "schema": {
                  "type": "object",
                  "title": "Tipo.WhereFilter",
                  "additionalProperties": true,
                  "x-typescript-type": "@loopback/repository#Where<Tipo>"
                }
              }
            }
          }
        ],
        "requestBody": {
          "content": {
            "application/json": {
              "schema": {
                "$ref": "#/components/schemas/TipoPartial"
              }
            }
          }
        },
        "operationId": "TipoController.updateAll"
      },
      "get": {
        "x-controller-name": "TipoController",
        "x-operation-name": "find",
        "tags": [
          "TipoController"
        ],
        "responses": {
          "200": {
            "description": "Array of Tipo model instances",
            "content": {
              "application/json": {
                "schema": {
                  "type": "array",
                  "items": {
                    "$ref": "#/components/schemas/TipoWithRelations"
                  }
                }
              }
            }
          }
        },
        "parameters": [
          {
            "name": "filter",
            "in": "query",
            "content": {
              "application/json": {
                "schema": {
                  "$ref": "#/components/schemas/Tipo.Filter1"
                }
              }
            }
          }
        ],
        "operationId": "TipoController.find"
      }
    },
    "/trainers/count": {
      "get": {
        "x-controller-name": "TrainerController",
        "x-operation-name": "count",
        "tags": [
          "TrainerController"
        ],
        "responses": {
          "200": {
            "description": "Trainer model count",
            "content": {
              "application/json": {
                "schema": {
                  "$ref": "#/components/schemas/loopback.Count"
                }
              }
            }
          }
        },
        "parameters": [
          {
            "name": "where",
            "in": "query",
            "content": {
              "application/json": {
                "schema": {
                  "type": "object",
                  "title": "Trainer.WhereFilter",
                  "additionalProperties": true,
                  "x-typescript-type": "@loopback/repository#Where<Trainer>"
                }
              }
            }
          }
        ],
        "operationId": "TrainerController.count"
      }
    },
    "/trainers/{id}": {
      "put": {
        "x-controller-name": "TrainerController",
        "x-operation-name": "replaceById",
        "tags": [
          "TrainerController"
        ],
        "responses": {
          "204": {
            "description": "No Content",
            "content": {
              "application/json": {
                "schema": {
                  "description": "Trainer PUT success"
                }
              }
            }
          }
        },
        "parameters": [
          {
            "name": "id",
            "in": "path",
            "schema": {
              "type": "number"
            },
            "required": true
          }
        ],
        "requestBody": {
          "content": {
            "application/json": {
              "schema": {
                "$ref": "#/components/schemas/Trainer"
              }
            }
          },
          "x-parameter-index": 1
        },
        "operationId": "TrainerController.replaceById"
      },
      "patch": {
        "x-controller-name": "TrainerController",
        "x-operation-name": "updateById",
        "tags": [
          "TrainerController"
        ],
        "responses": {
          "204": {
            "description": "No Content",
            "content": {
              "application/json": {
                "schema": {
                  "description": "Trainer PATCH success"
                }
              }
            }
          }
        },
        "parameters": [
          {
            "name": "id",
            "in": "path",
            "schema": {
              "type": "number"
            },
            "required": true
          }
        ],
        "requestBody": {
          "content": {
            "application/json": {
              "schema": {
                "$ref": "#/components/schemas/TrainerPartial"
              }
            }
          },
          "x-parameter-index": 1
        },
        "operationId": "TrainerController.updateById"
      },
      "get": {
        "x-controller-name": "TrainerController",
        "x-operation-name": "findById",
        "tags": [
          "TrainerController"
        ],
        "responses": {
          "200": {
            "description": "Trainer model instance",
            "content": {
              "application/json": {
                "schema": {
                  "$ref": "#/components/schemas/TrainerWithRelations"
                }
              }
            }
          }
        },
        "parameters": [
          {
            "name": "id",
            "in": "path",
            "schema": {
              "type": "number"
            },
            "required": true
          },
          {
            "name": "filter",
            "in": "query",
            "content": {
              "application/json": {
                "schema": {
                  "$ref": "#/components/schemas/Trainer.Filter"
                }
              }
            }
          }
        ],
        "operationId": "TrainerController.findById"
      },
      "delete": {
        "x-controller-name": "TrainerController",
        "x-operation-name": "deleteById",
        "tags": [
          "TrainerController"
        ],
        "responses": {
          "204": {
            "description": "No Content",
            "content": {
              "application/json": {
                "schema": {
                  "description": "Trainer DELETE success"
                }
              }
            }
          }
        },
        "parameters": [
          {
            "name": "id",
            "in": "path",
            "schema": {
              "type": "number"
            },
            "required": true
          }
        ],
        "operationId": "TrainerController.deleteById"
      }
    },
    "/trainers": {
      "post": {
        "x-controller-name": "TrainerController",
        "x-operation-name": "create",
        "tags": [
          "TrainerController"
        ],
        "responses": {
          "200": {
            "description": "Trainer model instance",
            "content": {
              "application/json": {
                "schema": {
                  "$ref": "#/components/schemas/Trainer"
                }
              }
            }
          }
        },
        "requestBody": {
          "content": {
            "application/json": {
              "schema": {
                "$ref": "#/components/schemas/NewTrainer"
              }
            }
          }
        },
        "operationId": "TrainerController.create"
      },
      "patch": {
        "x-controller-name": "TrainerController",
        "x-operation-name": "updateAll",
        "tags": [
          "TrainerController"
        ],
        "responses": {
          "200": {
            "description": "Trainer PATCH success count",
            "content": {
              "application/json": {
                "schema": {
                  "$ref": "#/components/schemas/loopback.Count"
                }
              }
            }
          }
        },
        "parameters": [
          {
            "name": "where",
            "in": "query",
            "content": {
              "application/json": {
                "schema": {
                  "type": "object",
                  "title": "Trainer.WhereFilter",
                  "additionalProperties": true,
                  "x-typescript-type": "@loopback/repository#Where<Trainer>"
                }
              }
            }
          }
        ],
        "requestBody": {
          "content": {
            "application/json": {
              "schema": {
                "$ref": "#/components/schemas/TrainerPartial"
              }
            }
          }
        },
        "operationId": "TrainerController.updateAll"
      },
      "get": {
        "x-controller-name": "TrainerController",
        "x-operation-name": "find",
        "tags": [
          "TrainerController"
        ],
        "responses": {
          "200": {
            "description": "Array of Trainer model instances",
            "content": {
              "application/json": {
                "schema": {
                  "type": "array",
                  "items": {
                    "$ref": "#/components/schemas/TrainerWithRelations"
                  }
                }
              }
            }
          }
        },
        "parameters": [
          {
            "name": "filter",
            "in": "query",
            "content": {
              "application/json": {
                "schema": {
                  "$ref": "#/components/schemas/Trainer.Filter1"
                }
              }
            }
          }
        ],
        "operationId": "TrainerController.find"
      }
    }
  },
  "servers": [
    {
      "url": "http://localhost:3000"
    }
  ],
  "components": {
    "schemas": {
      "Trainer": {
        "title": "Trainer",
        "type": "object",
        "properties": {
          "id": {
            "type": "number"
          },
          "name": {
            "type": "string"
          }
        },
        "required": [
          "name"
        ],
        "additionalProperties": false
      },
      "NewTrainer": {
        "title": "NewTrainer",
        "type": "object",
        "description": "(tsType: Omit<Trainer, 'id'>, schemaOptions: { title: 'NewTrainer', exclude: [ 'id' ] })",
        "properties": {
          "name": {
            "type": "string"
          }
        },
        "required": [
          "name"
        ],
        "additionalProperties": false,
        "x-typescript-type": "Omit<Trainer, 'id'>"
      },
      "TrainerWithRelations": {
        "title": "TrainerWithRelations",
        "type": "object",
        "description": "(tsType: TrainerWithRelations, schemaOptions: { includeRelations: true })",
        "properties": {
          "id": {
            "type": "number"
          },
          "name": {
            "type": "string"
          }
        },
        "required": [
          "name"
        ],
        "additionalProperties": false,
        "x-typescript-type": "TrainerWithRelations"
      },
      "TrainerPartial": {
        "title": "TrainerPartial",
        "type": "object",
        "description": "(tsType: Partial<Trainer>, schemaOptions: { partial: true })",
        "properties": {
          "id": {
            "type": "number"
          },
          "name": {
            "type": "string"
          }
        },
        "additionalProperties": false,
        "x-typescript-type": "Partial<Trainer>"
      },
      "Tipo": {
        "title": "Tipo",
        "type": "object",
        "properties": {
          "id": {
            "type": "number"
          },
          "name": {
            "type": "string"
          }
        },
        "required": [
          "name"
        ],
        "additionalProperties": false
      },
      "NewTipo": {
        "title": "NewTipo",
        "type": "object",
        "description": "(tsType: Omit<Tipo, 'id'>, schemaOptions: { title: 'NewTipo', exclude: [ 'id' ] })",
        "properties": {
          "name": {
            "type": "string"
          }
        },
        "required": [
          "name"
        ],
        "additionalProperties": false,
        "x-typescript-type": "Omit<Tipo, 'id'>"
      },
      "TipoWithRelations": {
        "title": "TipoWithRelations",
        "type": "object",
        "description": "(tsType: TipoWithRelations, schemaOptions: { includeRelations: true })",
        "properties": {
          "id": {
            "type": "number"
          },
          "name": {
            "type": "string"
          }
        },
        "required": [
          "name"
        ],
        "additionalProperties": false,
        "x-typescript-type": "TipoWithRelations"
      },
      "TipoPartial": {
        "title": "TipoPartial",
        "type": "object",
        "description": "(tsType: Partial<Tipo>, schemaOptions: { partial: true })",
        "properties": {
          "id": {
            "type": "number"
          },
          "name": {
            "type": "string"
          }
        },
        "additionalProperties": false,
        "x-typescript-type": "Partial<Tipo>"
      },
      "Teams": {
        "title": "Teams",
        "type": "object",
        "properties": {
          "id": {
            "type": "number"
          },
          "name": {
            "type": "string"
          }
        },
        "required": [
          "name"
        ],
        "additionalProperties": false
      },
      "NewTeams": {
        "title": "NewTeams",
        "type": "object",
        "description": "(tsType: Omit<Teams, 'id'>, schemaOptions: { title: 'NewTeams', exclude: [ 'id' ] })",
        "properties": {
          "name": {
            "type": "string"
          }
        },
        "required": [
          "name"
        ],
        "additionalProperties": false,
        "x-typescript-type": "Omit<Teams, 'id'>"
      },
      "TeamsWithRelations": {
        "title": "TeamsWithRelations",
        "type": "object",
        "description": "(tsType: TeamsWithRelations, schemaOptions: { includeRelations: true })",
        "properties": {
          "id": {
            "type": "number"
          },
          "name": {
            "type": "string"
          }
        },
        "required": [
          "name"
        ],
        "additionalProperties": false,
        "x-typescript-type": "TeamsWithRelations"
      },
      "TeamsPartial": {
        "title": "TeamsPartial",
        "type": "object",
        "description": "(tsType: Partial<Teams>, schemaOptions: { partial: true })",
        "properties": {
          "id": {
            "type": "number"
          },
          "name": {
            "type": "string"
          }
        },
        "additionalProperties": false,
        "x-typescript-type": "Partial<Teams>"
      },
      "Pokemon": {
        "title": "Pokemon",
        "type": "object",
        "properties": {
          "id": {
            "type": "number"
          },
          "name": {
            "type": "string"
          },
          "tipo1": {
            "type": "number"
          },
          "tipo2": {
            "type": "number"
          }
        },
        "required": [
          "name"
        ],
        "additionalProperties": false
      },
      "NewPokemon": {
        "title": "NewPokemon",
        "type": "object",
        "description": "(tsType: Omit<Pokemon, 'id'>, schemaOptions: { title: 'NewPokemon', exclude: [ 'id' ] })",
        "properties": {
          "name": {
            "type": "string"
          },
          "tipo1": {
            "type": "number"
          },
          "tipo2": {
            "type": "number"
          }
        },
        "required": [
          "name"
        ],
        "additionalProperties": false,
        "x-typescript-type": "Omit<Pokemon, 'id'>"
      },
      "PokemonWithRelations": {
        "title": "PokemonWithRelations",
        "type": "object",
        "description": "(tsType: PokemonWithRelations, schemaOptions: { includeRelations: true })",
        "properties": {
          "id": {
            "type": "number"
          },
          "name": {
            "type": "string"
          },
          "tipo1": {
            "type": "number"
          },
          "tipo2": {
            "type": "number"
          },
          "tipo1Id": {
            "$ref": "#/components/schemas/TipoWithRelations"
          },
          "foreignKey": {},
          "tipo2Id": {
            "$ref": "#/components/schemas/TipoWithRelations"
          }
        },
        "required": [
          "name"
        ],
        "additionalProperties": false,
        "x-typescript-type": "PokemonWithRelations"
      },
      "PokemonPartial": {
        "title": "PokemonPartial",
        "type": "object",
        "description": "(tsType: Partial<Pokemon>, schemaOptions: { partial: true })",
        "properties": {
          "id": {
            "type": "number"
          },
          "name": {
            "type": "string"
          },
          "tipo1": {
            "type": "number"
          },
          "tipo2": {
            "type": "number"
          }
        },
        "additionalProperties": false,
        "x-typescript-type": "Partial<Pokemon>"
      },
      "PingResponse": {
        "type": "object",
        "title": "PingResponse",
        "properties": {
          "greeting": {
            "type": "string"
          },
          "date": {
            "type": "string"
          },
          "url": {
            "type": "string"
          },
          "headers": {
            "type": "object",
            "properties": {
              "Content-Type": {
                "type": "string"
              }
            },
            "additionalProperties": true
          }
        }
      },
      "loopback.Count": {
        "type": "object",
        "title": "loopback.Count",
        "x-typescript-type": "@loopback/repository#Count",
        "properties": {
          "count": {
            "type": "number"
          }
        }
      },
      "Pokemon.ScopeFilter": {
        "type": "object",
        "properties": {
          "offset": {
            "type": "integer",
            "minimum": 0
          },
          "limit": {
            "type": "integer",
            "minimum": 1,
            "example": 100
          },
          "skip": {
            "type": "integer",
            "minimum": 0
          },
          "order": {
            "oneOf": [
              {
                "type": "string"
              },
              {
                "type": "array",
                "items": {
                  "type": "string"
                }
              }
            ]
          },
          "where": {
            "type": "object",
            "additionalProperties": true
          },
          "fields": {
            "oneOf": [
              {
                "type": "object",
                "properties": {},
                "additionalProperties": true
              },
              {
                "type": "array",
                "items": {
                  "type": "string"
                },
                "uniqueItems": true
              }
            ]
          },
          "include": {
            "type": "array",
            "items": {
              "type": "object",
              "properties": {},
              "additionalProperties": true
            }
          }
        },
        "additionalProperties": false,
        "title": "Pokemon.ScopeFilter"
      },
      "Pokemon.IncludeFilter.Items": {
        "title": "Pokemon.IncludeFilter.Items",
        "type": "object",
        "properties": {
          "relation": {
            "type": "string",
            "enum": [
              "tipo1Id",
              "tipo2Id"
            ]
          },
          "scope": {
            "$ref": "#/components/schemas/Pokemon.ScopeFilter"
          }
        }
      },
      "Pokemon.Filter": {
        "type": "object",
        "title": "Pokemon.Filter",
        "properties": {
          "offset": {
            "type": "integer",
            "minimum": 0
          },
          "limit": {
            "type": "integer",
            "minimum": 1,
            "example": 100
          },
          "skip": {
            "type": "integer",
            "minimum": 0
          },
          "order": {
            "oneOf": [
              {
                "type": "string"
              },
              {
                "type": "array",
                "items": {
                  "type": "string"
                }
              }
            ]
          },
          "fields": {
            "oneOf": [
              {
                "type": "object",
                "properties": {
                  "id": {
                    "type": "boolean"
                  },
                  "name": {
                    "type": "boolean"
                  },
                  "tipo1": {
                    "type": "boolean"
                  },
                  "tipo2": {
                    "type": "boolean"
                  }
                },
                "additionalProperties": false
              },
              {
                "type": "array",
                "items": {
                  "type": "string",
                  "enum": [
                    "id",
                    "name",
                    "tipo1",
                    "tipo2"
                  ],
                  "example": "id"
                },
                "uniqueItems": true
              }
            ],
            "title": "Pokemon.Fields"
          },
          "include": {
            "title": "Pokemon.IncludeFilter",
            "type": "array",
            "items": {
              "anyOf": [
                {
                  "$ref": "#/components/schemas/Pokemon.IncludeFilter.Items"
                },
                {
                  "type": "string"
                }
              ]
            }
          }
        },
        "additionalProperties": false,
        "x-typescript-type": "@loopback/repository#Filter<Pokemon>"
      },
      "Pokemon.Filter1": {
        "type": "object",
        "title": "Pokemon.Filter",
        "properties": {
          "offset": {
            "type": "integer",
            "minimum": 0
          },
          "limit": {
            "type": "integer",
            "minimum": 1,
            "example": 100
          },
          "skip": {
            "type": "integer",
            "minimum": 0
          },
          "order": {
            "oneOf": [
              {
                "type": "string"
              },
              {
                "type": "array",
                "items": {
                  "type": "string"
                }
              }
            ]
          },
          "where": {
            "title": "Pokemon.WhereFilter",
            "type": "object",
            "additionalProperties": true
          },
          "fields": {
            "oneOf": [
              {
                "type": "object",
                "properties": {
                  "id": {
                    "type": "boolean"
                  },
                  "name": {
                    "type": "boolean"
                  },
                  "tipo1": {
                    "type": "boolean"
                  },
                  "tipo2": {
                    "type": "boolean"
                  }
                },
                "additionalProperties": false
              },
              {
                "type": "array",
                "items": {
                  "type": "string",
                  "enum": [
                    "id",
                    "name",
                    "tipo1",
                    "tipo2"
                  ],
                  "example": "id"
                },
                "uniqueItems": true
              }
            ],
            "title": "Pokemon.Fields"
          },
          "include": {
            "title": "Pokemon.IncludeFilter",
            "type": "array",
            "items": {
              "anyOf": [
                {
                  "$ref": "#/components/schemas/Pokemon.IncludeFilter.Items"
                },
                {
                  "type": "string"
                }
              ]
            }
          }
        },
        "additionalProperties": false,
        "x-typescript-type": "@loopback/repository#Filter<Pokemon>"
      },
      "Teams.Filter": {
        "type": "object",
        "title": "Teams.Filter",
        "properties": {
          "offset": {
            "type": "integer",
            "minimum": 0
          },
          "limit": {
            "type": "integer",
            "minimum": 1,
            "example": 100
          },
          "skip": {
            "type": "integer",
            "minimum": 0
          },
          "order": {
            "oneOf": [
              {
                "type": "string"
              },
              {
                "type": "array",
                "items": {
                  "type": "string"
                }
              }
            ]
          },
          "fields": {
            "oneOf": [
              {
                "type": "object",
                "properties": {
                  "id": {
                    "type": "boolean"
                  },
                  "name": {
                    "type": "boolean"
                  }
                },
                "additionalProperties": false
              },
              {
                "type": "array",
                "items": {
                  "type": "string",
                  "enum": [
                    "id",
                    "name"
                  ],
                  "example": "id"
                },
                "uniqueItems": true
              }
            ],
            "title": "Teams.Fields"
          }
        },
        "additionalProperties": false,
        "x-typescript-type": "@loopback/repository#Filter<Teams>"
      },
      "Teams.Filter1": {
        "type": "object",
        "title": "Teams.Filter",
        "properties": {
          "offset": {
            "type": "integer",
            "minimum": 0
          },
          "limit": {
            "type": "integer",
            "minimum": 1,
            "example": 100
          },
          "skip": {
            "type": "integer",
            "minimum": 0
          },
          "order": {
            "oneOf": [
              {
                "type": "string"
              },
              {
                "type": "array",
                "items": {
                  "type": "string"
                }
              }
            ]
          },
          "where": {
            "title": "Teams.WhereFilter",
            "type": "object",
            "additionalProperties": true
          },
          "fields": {
            "oneOf": [
              {
                "type": "object",
                "properties": {
                  "id": {
                    "type": "boolean"
                  },
                  "name": {
                    "type": "boolean"
                  }
                },
                "additionalProperties": false
              },
              {
                "type": "array",
                "items": {
                  "type": "string",
                  "enum": [
                    "id",
                    "name"
                  ],
                  "example": "id"
                },
                "uniqueItems": true
              }
            ],
            "title": "Teams.Fields"
          }
        },
        "additionalProperties": false,
        "x-typescript-type": "@loopback/repository#Filter<Teams>"
      },
      "Tipo.Filter": {
        "type": "object",
        "title": "Tipo.Filter",
        "properties": {
          "offset": {
            "type": "integer",
            "minimum": 0
          },
          "limit": {
            "type": "integer",
            "minimum": 1,
            "example": 100
          },
          "skip": {
            "type": "integer",
            "minimum": 0
          },
          "order": {
            "oneOf": [
              {
                "type": "string"
              },
              {
                "type": "array",
                "items": {
                  "type": "string"
                }
              }
            ]
          },
          "fields": {
            "oneOf": [
              {
                "type": "object",
                "properties": {
                  "id": {
                    "type": "boolean"
                  },
                  "name": {
                    "type": "boolean"
                  }
                },
                "additionalProperties": false
              },
              {
                "type": "array",
                "items": {
                  "type": "string",
                  "enum": [
                    "id",
                    "name"
                  ],
                  "example": "id"
                },
                "uniqueItems": true
              }
            ],
            "title": "Tipo.Fields"
          }
        },
        "additionalProperties": false,
        "x-typescript-type": "@loopback/repository#Filter<Tipo>"
      },
      "Tipo.Filter1": {
        "type": "object",
        "title": "Tipo.Filter",
        "properties": {
          "offset": {
            "type": "integer",
            "minimum": 0
          },
          "limit": {
            "type": "integer",
            "minimum": 1,
            "example": 100
          },
          "skip": {
            "type": "integer",
            "minimum": 0
          },
          "order": {
            "oneOf": [
              {
                "type": "string"
              },
              {
                "type": "array",
                "items": {
                  "type": "string"
                }
              }
            ]
          },
          "where": {
            "title": "Tipo.WhereFilter",
            "type": "object",
            "additionalProperties": true
          },
          "fields": {
            "oneOf": [
              {
                "type": "object",
                "properties": {
                  "id": {
                    "type": "boolean"
                  },
                  "name": {
                    "type": "boolean"
                  }
                },
                "additionalProperties": false
              },
              {
                "type": "array",
                "items": {
                  "type": "string",
                  "enum": [
                    "id",
                    "name"
                  ],
                  "example": "id"
                },
                "uniqueItems": true
              }
            ],
            "title": "Tipo.Fields"
          }
        },
        "additionalProperties": false,
        "x-typescript-type": "@loopback/repository#Filter<Tipo>"
      },
      "Trainer.Filter": {
        "type": "object",
        "title": "Trainer.Filter",
        "properties": {
          "offset": {
            "type": "integer",
            "minimum": 0
          },
          "limit": {
            "type": "integer",
            "minimum": 1,
            "example": 100
          },
          "skip": {
            "type": "integer",
            "minimum": 0
          },
          "order": {
            "oneOf": [
              {
                "type": "string"
              },
              {
                "type": "array",
                "items": {
                  "type": "string"
                }
              }
            ]
          },
          "fields": {
            "oneOf": [
              {
                "type": "object",
                "properties": {
                  "id": {
                    "type": "boolean"
                  },
                  "name": {
                    "type": "boolean"
                  }
                },
                "additionalProperties": false
              },
              {
                "type": "array",
                "items": {
                  "type": "string",
                  "enum": [
                    "id",
                    "name"
                  ],
                  "example": "id"
                },
                "uniqueItems": true
              }
            ],
            "title": "Trainer.Fields"
          }
        },
        "additionalProperties": false,
        "x-typescript-type": "@loopback/repository#Filter<Trainer>"
      },
      "Trainer.Filter1": {
        "type": "object",
        "title": "Trainer.Filter",
        "properties": {
          "offset": {
            "type": "integer",
            "minimum": 0
          },
          "limit": {
            "type": "integer",
            "minimum": 1,
            "example": 100
          },
          "skip": {
            "type": "integer",
            "minimum": 0
          },
          "order": {
            "oneOf": [
              {
                "type": "string"
              },
              {
                "type": "array",
                "items": {
                  "type": "string"
                }
              }
            ]
          },
          "where": {
            "title": "Trainer.WhereFilter",
            "type": "object",
            "additionalProperties": true
          },
          "fields": {
            "oneOf": [
              {
                "type": "object",
                "properties": {
                  "id": {
                    "type": "boolean"
                  },
                  "name": {
                    "type": "boolean"
                  }
                },
                "additionalProperties": false
              },
              {
                "type": "array",
                "items": {
                  "type": "string",
                  "enum": [
                    "id",
                    "name"
                  ],
                  "example": "id"
                },
                "uniqueItems": true
              }
            ],
            "title": "Trainer.Fields"
          }
        },
        "additionalProperties": false,
        "x-typescript-type": "@loopback/repository#Filter<Trainer>"
      }
    }
  }
}