{
	"info": {
		"_postman_id": "b4cc6d11-b641-41aa-a50b-5cd372327769",
		"name": "pokemon-parte3",
		"description": "Pokemon Parte3\n\nContact Support:\n Name: Rafael\n Email: a042611@umaia.pt",
		"schema": "https://schema.getpostman.com/json/collection/v2.1.0/collection.json",
		"_exporter_id": "38820958",
		"_collection_link": "https://orange-rocket-54344.postman.co/workspace/My-Workspace~2120a22c-d7ef-4971-85ca-de6615414ce1/collection/38820958-b4cc6d11-b641-41aa-a50b-5cd372327769?action=share&source=collection_link&creator=38820958"
	},
	"item": [
		{
			"name": "ping",
			"item": [
				{
					"name": "Ping Controller.ping",
					"request": {
						"method": "GET",
						"header": [
							{
								"key": "Accept",
								"value": "application/json"
							}
						],
						"url": {
							"raw": "{{baseUrl}}/ping",
							"host": [
								"{{baseUrl}}"
							],
							"path": [
								"ping"
							]
						}
					},
					"response": [
						{
							"name": "Ping Response",
							"originalRequest": {
								"method": "GET",
								"header": [
									{
										"key": "Accept",
										"value": "application/json"
									}
								],
								"url": {
									"raw": "{{baseUrl}}/ping",
									"host": [
										"{{baseUrl}}"
									],
									"path": [
										"ping"
									]
								}
							},
							"status": "OK",
							"code": 200,
							"_postman_previewlanguage": "json",
							"header": [
								{
									"key": "Content-Type",
									"value": "application/json"
								}
							],
							"cookie": [],
							"body": "{\n  \"greeting\": \"<string>\",\n  \"date\": \"<string>\",\n  \"url\": \"<string>\",\n  \"headers\": {\n    \"Content-Type\": \"<string>\",\n    \"amet_121\": -70860027,\n    \"voluptate074\": \"laborum dolor\"\n  }\n}"
						}
					]
				}
			]
		},
		{
			"name": "pokemon",
			"item": [
				{
					"name": "count",
					"item": [
						{
							"name": "Pokemon Controller.count",
							"request": {
								"method": "GET",
								"header": [
									{
										"key": "Accept",
										"value": "application/json"
									}
								],
								"url": {
									"raw": "{{baseUrl}}/pokemon/count?where=",
									"host": [
										"{{baseUrl}}"
									],
									"path": [
										"pokemon",
										"count"
									],
									"query": [
										{
											"key": "where",
											"value": ""
										}
									]
								}
							},
							"response": [
								{
									"name": "Pokemon model count",
									"originalRequest": {
										"method": "GET",
										"header": [
											{
												"key": "Accept",
												"value": "application/json"
											}
										],
										"url": {
											"raw": "{{baseUrl}}/pokemon/count?where=",
											"host": [
												"{{baseUrl}}"
											],
											"path": [
												"pokemon",
												"count"
											],
											"query": [
												{
													"key": "where",
													"value": ""
												}
											]
										}
									},
									"status": "OK",
									"code": 200,
									"_postman_previewlanguage": "json",
									"header": [
										{
											"key": "Content-Type",
											"value": "application/json"
										}
									],
									"cookie": [],
									"body": "{\n  \"count\": \"<number>\"\n}"
								}
							]
						}
					]
				},
				{
					"name": "{id}",
					"item": [
						{
							"name": "tipo1",
							"item": [
								{
									"name": "Pokemon Tipo Controller.get Tipo1",
									"request": {
										"method": "GET",
										"header": [
											{
												"key": "Accept",
												"value": "application/json"
											}
										],
										"url": {
											"raw": "{{baseUrl}}/pokemon/:id/tipo1",
											"host": [
												"{{baseUrl}}"
											],
											"path": [
												"pokemon",
												":id",
												"tipo1"
											],
											"variable": [
												{
													"key": "id",
													"value": "<number>",
													"description": "(Required) "
												}
											]
										}
									},
									"response": [
										{
											"name": "Tipo belonging to Pokemon",
											"originalRequest": {
												"method": "GET",
												"header": [
													{
														"key": "Accept",
														"value": "application/json"
													}
												],
												"url": {
													"raw": "{{baseUrl}}/pokemon/:id/tipo1",
													"host": [
														"{{baseUrl}}"
													],
													"path": [
														"pokemon",
														":id",
														"tipo1"
													],
													"variable": [
														{
															"key": "id"
														}
													]
												}
											},
											"status": "OK",
											"code": 200,
											"_postman_previewlanguage": "json",
											"header": [
												{
													"key": "Content-Type",
													"value": "application/json"
												}
											],
											"cookie": [],
											"body": "{\n  \"name\": \"<string>\",\n  \"id\": \"<number>\"\n}"
										}
									]
								}
							]
						},
						{
							"name": "tipo2",
							"item": [
								{
									"name": "Pokemon Tipo Controller.get Tipo2",
									"request": {
										"method": "GET",
										"header": [
											{
												"key": "Accept",
												"value": "application/json"
											}
										],
										"url": {
											"raw": "{{baseUrl}}/pokemon/:id/tipo2",
											"host": [
												"{{baseUrl}}"
											],
											"path": [
												"pokemon",
												":id",
												"tipo2"
											],
											"variable": [
												{
													"key": "id",
													"value": "<number>",
													"description": "(Required) "
												}
											]
										}
									},
									"response": [
										{
											"name": "Tipo belonging to Pokemon",
											"originalRequest": {
												"method": "GET",
												"header": [
													{
														"key": "Accept",
														"value": "application/json"
													}
												],
												"url": {
													"raw": "{{baseUrl}}/pokemon/:id/tipo2",
													"host": [
														"{{baseUrl}}"
													],
													"path": [
														"pokemon",
														":id",
														"tipo2"
													],
													"variable": [
														{
															"key": "id"
														}
													]
												}
											},
											"status": "OK",
											"code": 200,
											"_postman_previewlanguage": "json",
											"header": [
												{
													"key": "Content-Type",
													"value": "application/json"
												}
											],
											"cookie": [],
											"body": "{\n  \"name\": \"<string>\",\n  \"id\": \"<number>\"\n}"
										}
									]
								}
							]
						},
						{
							"name": "Pokemon Controller.replace By Id",
							"request": {
								"method": "PUT",
								"header": [
									{
										"key": "Content-Type",
										"value": "application/json"
									},
									{
										"key": "Accept",
										"value": "application/json"
									}
								],
								"body": {
									"mode": "raw",
									"raw": "{\n  \"name\": \"<string>\",\n  \"id\": \"<number>\",\n  \"tipo1\": \"<number>\",\n  \"tipo2\": \"<number>\"\n}",
									"options": {
										"raw": {
											"headerFamily": "json",
											"language": "json"
										}
									}
								},
								"url": {
									"raw": "{{baseUrl}}/pokemon/:id",
									"host": [
										"{{baseUrl}}"
									],
									"path": [
										"pokemon",
										":id"
									],
									"variable": [
										{
											"key": "id",
											"value": "<number>",
											"description": "(Required) "
										}
									]
								}
							},
							"response": [
								{
									"name": "No Content",
									"originalRequest": {
										"method": "PUT",
										"header": [
											{
												"key": "Content-Type",
												"value": "application/json"
											},
											{
												"key": "Accept",
												"value": "application/json"
											}
										],
										"body": {
											"mode": "raw",
											"raw": "{\n  \"name\": \"<string>\",\n  \"id\": \"<number>\",\n  \"tipo1\": \"<number>\",\n  \"tipo2\": \"<number>\"\n}",
											"options": {
												"raw": {
													"headerFamily": "json",
													"language": "json"
												}
											}
										},
										"url": {
											"raw": "{{baseUrl}}/pokemon/:id",
											"host": [
												"{{baseUrl}}"
											],
											"path": [
												"pokemon",
												":id"
											],
											"variable": [
												{
													"key": "id"
												}
											]
										}
									},
									"status": "No Content",
									"code": 204,
									"_postman_previewlanguage": "json",
									"header": [
										{
											"key": "Content-Type",
											"value": "application/json"
										}
									],
									"cookie": [],
									"body": "{\n  \"description\": \"Pokemon PUT success\"\n}"
								}
							]
						},
						{
							"name": "Pokemon Controller.update By Id",
							"request": {
								"method": "PATCH",
								"header": [
									{
										"key": "Content-Type",
										"value": "application/json"
									},
									{
										"key": "Accept",
										"value": "application/json"
									}
								],
								"body": {
									"mode": "raw",
									"raw": "{\n  \"id\": \"<number>\",\n  \"name\": \"<string>\",\n  \"tipo1\": \"<number>\",\n  \"tipo2\": \"<number>\"\n}",
									"options": {
										"raw": {
											"headerFamily": "json",
											"language": "json"
										}
									}
								},
								"url": {
									"raw": "{{baseUrl}}/pokemon/:id",
									"host": [
										"{{baseUrl}}"
									],
									"path": [
										"pokemon",
										":id"
									],
									"variable": [
										{
											"key": "id",
											"value": "<number>",
											"description": "(Required) "
										}
									]
								}
							},
							"response": [
								{
									"name": "No Content",
									"originalRequest": {
										"method": "PATCH",
										"header": [
											{
												"key": "Content-Type",
												"value": "application/json"
											},
											{
												"key": "Accept",
												"value": "application/json"
											}
										],
										"body": {
											"mode": "raw",
											"raw": "{\n  \"id\": \"<number>\",\n  \"name\": \"<string>\",\n  \"tipo1\": \"<number>\",\n  \"tipo2\": \"<number>\"\n}",
											"options": {
												"raw": {
													"headerFamily": "json",
													"language": "json"
												}
											}
										},
										"url": {
											"raw": "{{baseUrl}}/pokemon/:id",
											"host": [
												"{{baseUrl}}"
											],
											"path": [
												"pokemon",
												":id"
											],
											"variable": [
												{
													"key": "id"
												}
											]
										}
									},
									"status": "No Content",
									"code": 204,
									"_postman_previewlanguage": "json",
									"header": [
										{
											"key": "Content-Type",
											"value": "application/json"
										}
									],
									"cookie": [],
									"body": "{\n  \"description\": \"Pokemon PATCH success\"\n}"
								}
							]
						},
						{
							"name": "Pokemon Controller.find By Id",
							"request": {
								"method": "GET",
								"header": [
									{
										"key": "Accept",
										"value": "application/json"
									}
								],
								"url": {
									"raw": "{{baseUrl}}/pokemon/:id?filter=",
									"host": [
										"{{baseUrl}}"
									],
									"path": [
										"pokemon",
										":id"
									],
									"query": [
										{
											"key": "filter",
											"value": ""
										}
									],
									"variable": [
										{
											"key": "id",
											"value": "<number>",
											"description": "(Required) "
										}
									]
								}
							},
							"response": [
								{
									"name": "Pokemon model instance",
									"originalRequest": {
										"method": "GET",
										"header": [
											{
												"key": "Accept",
												"value": "application/json"
											}
										],
										"url": {
											"raw": "{{baseUrl}}/pokemon/:id?filter=",
											"host": [
												"{{baseUrl}}"
											],
											"path": [
												"pokemon",
												":id"
											],
											"query": [
												{
													"key": "filter",
													"value": ""
												}
											],
											"variable": [
												{
													"key": "id"
												}
											]
										}
									},
									"status": "OK",
									"code": 200,
									"_postman_previewlanguage": "json",
									"header": [
										{
											"key": "Content-Type",
											"value": "application/json"
										}
									],
									"cookie": [],
									"body": "{\n  \"name\": \"<string>\",\n  \"id\": \"<number>\",\n  \"tipo1\": \"<number>\",\n  \"tipo2\": \"<number>\",\n  \"tipo1Id\": {\n    \"name\": \"<string>\",\n    \"id\": \"<number>\"\n  },\n  \"foreignKey\": {},\n  \"tipo2Id\": {\n    \"name\": \"<string>\",\n    \"id\": \"<number>\"\n  }\n}"
								}
							]
						},
						{
							"name": "Pokemon Controller.delete By Id",
							"request": {
								"method": "DELETE",
								"header": [
									{
										"key": "Accept",
										"value": "application/json"
									}
								],
								"url": {
									"raw": "{{baseUrl}}/pokemon/:id",
									"host": [
										"{{baseUrl}}"
									],
									"path": [
										"pokemon",
										":id"
									],
									"variable": [
										{
											"key": "id",
											"value": "<number>",
											"description": "(Required) "
										}
									]
								}
							},
							"response": [
								{
									"name": "No Content",
									"originalRequest": {
										"method": "DELETE",
										"header": [
											{
												"key": "Accept",
												"value": "application/json"
											}
										],
										"url": {
											"raw": "{{baseUrl}}/pokemon/:id",
											"host": [
												"{{baseUrl}}"
											],
											"path": [
												"pokemon",
												":id"
											],
											"variable": [
												{
													"key": "id"
												}
											]
										}
									},
									"status": "No Content",
									"code": 204,
									"_postman_previewlanguage": "json",
									"header": [
										{
											"key": "Content-Type",
											"value": "application/json"
										}
									],
									"cookie": [],
									"body": "{\n  \"description\": \"Pokemon DELETE success\"\n}"
								}
							]
						}
					]
				},
				{
					"name": "Pokemon Controller.create",
					"request": {
						"method": "POST",
						"header": [
							{
								"key": "Content-Type",
								"value": "application/json"
							},
							{
								"key": "Accept",
								"value": "application/json"
							}
						],
						"body": {
							"mode": "raw",
							"raw": "{\n  \"name\": \"<string>\",\n  \"tipo1\": \"<number>\",\n  \"tipo2\": \"<number>\"\n}",
							"options": {
								"raw": {
									"headerFamily": "json",
									"language": "json"
								}
							}
						},
						"url": {
							"raw": "{{baseUrl}}/pokemon",
							"host": [
								"{{baseUrl}}"
							],
							"path": [
								"pokemon"
							]
						}
					},
					"response": [
						{
							"name": "Pokemon model instance",
							"originalRequest": {
								"method": "POST",
								"header": [
									{
										"key": "Content-Type",
										"value": "application/json"
									},
									{
										"key": "Accept",
										"value": "application/json"
									}
								],
								"body": {
									"mode": "raw",
									"raw": "{\n  \"name\": \"<string>\",\n  \"tipo1\": \"<number>\",\n  \"tipo2\": \"<number>\"\n}",
									"options": {
										"raw": {
											"headerFamily": "json",
											"language": "json"
										}
									}
								},
								"url": {
									"raw": "{{baseUrl}}/pokemon",
									"host": [
										"{{baseUrl}}"
									],
									"path": [
										"pokemon"
									]
								}
							},
							"status": "OK",
							"code": 200,
							"_postman_previewlanguage": "json",
							"header": [
								{
									"key": "Content-Type",
									"value": "application/json"
								}
							],
							"cookie": [],
							"body": "{\n  \"name\": \"<string>\",\n  \"id\": \"<number>\",\n  \"tipo1\": \"<number>\",\n  \"tipo2\": \"<number>\"\n}"
						}
					]
				},
				{
					"name": "Pokemon Controller.update All",
					"request": {
						"method": "PATCH",
						"header": [
							{
								"key": "Content-Type",
								"value": "application/json"
							},
							{
								"key": "Accept",
								"value": "application/json"
							}
						],
						"body": {
							"mode": "raw",
							"raw": "{\n  \"id\": \"<number>\",\n  \"name\": \"<string>\",\n  \"tipo1\": \"<number>\",\n  \"tipo2\": \"<number>\"\n}",
							"options": {
								"raw": {
									"headerFamily": "json",
									"language": "json"
								}
							}
						},
						"url": {
							"raw": "{{baseUrl}}/pokemon?where=",
							"host": [
								"{{baseUrl}}"
							],
							"path": [
								"pokemon"
							],
							"query": [
								{
									"key": "where",
									"value": ""
								}
							]
						}
					},
					"response": [
						{
							"name": "Pokemon PATCH success count",
							"originalRequest": {
								"method": "PATCH",
								"header": [
									{
										"key": "Content-Type",
										"value": "application/json"
									},
									{
										"key": "Accept",
										"value": "application/json"
									}
								],
								"body": {
									"mode": "raw",
									"raw": "{\n  \"id\": \"<number>\",\n  \"name\": \"<string>\",\n  \"tipo1\": \"<number>\",\n  \"tipo2\": \"<number>\"\n}",
									"options": {
										"raw": {
											"headerFamily": "json",
											"language": "json"
										}
									}
								},
								"url": {
									"raw": "{{baseUrl}}/pokemon?where=",
									"host": [
										"{{baseUrl}}"
									],
									"path": [
										"pokemon"
									],
									"query": [
										{
											"key": "where",
											"value": ""
										}
									]
								}
							},
							"status": "OK",
							"code": 200,
							"_postman_previewlanguage": "json",
							"header": [
								{
									"key": "Content-Type",
									"value": "application/json"
								}
							],
							"cookie": [],
							"body": "{\n  \"count\": \"<number>\"\n}"
						}
					]
				},
				{
					"name": "Pokemon Controller.find",
					"request": {
						"method": "GET",
						"header": [
							{
								"key": "Accept",
								"value": "application/json"
							}
						],
						"url": {
							"raw": "{{baseUrl}}/pokemon?filter=",
							"host": [
								"{{baseUrl}}"
							],
							"path": [
								"pokemon"
							],
							"query": [
								{
									"key": "filter",
									"value": ""
								}
							]
						}
					},
					"response": [
						{
							"name": "Array of Pokemon model instances",
							"originalRequest": {
								"method": "GET",
								"header": [
									{
										"key": "Accept",
										"value": "application/json"
									}
								],
								"url": {
									"raw": "{{baseUrl}}/pokemon?filter=",
									"host": [
										"{{baseUrl}}"
									],
									"path": [
										"pokemon"
									],
									"query": [
										{
											"key": "filter",
											"value": ""
										}
									]
								}
							},
							"status": "OK",
							"code": 200,
							"_postman_previewlanguage": "json",
							"header": [
								{
									"key": "Content-Type",
									"value": "application/json"
								}
							],
							"cookie": [],
							"body": "[\n  {\n    \"name\": \"<string>\",\n    \"id\": \"<number>\",\n    \"tipo1\": \"<number>\",\n    \"tipo2\": \"<number>\",\n    \"tipo1Id\": {\n      \"name\": \"<string>\",\n      \"id\": \"<number>\"\n    },\n    \"foreignKey\": {},\n    \"tipo2Id\": {\n      \"name\": \"<string>\",\n      \"id\": \"<number>\"\n    }\n  },\n  {\n    \"name\": \"<string>\",\n    \"id\": \"<number>\",\n    \"tipo1\": \"<number>\",\n    \"tipo2\": \"<number>\",\n    \"tipo1Id\": {\n      \"name\": \"<string>\",\n      \"id\": \"<number>\"\n    },\n    \"foreignKey\": {},\n    \"tipo2Id\": {\n      \"name\": \"<string>\",\n      \"id\": \"<number>\"\n    }\n  }\n]"
						}
					]
				}
			]
		},
		{
			"name": "teams",
			"item": [
				{
					"name": "count",
					"item": [
						{
							"name": "Teams Controller.count",
							"request": {
								"method": "GET",
								"header": [
									{
										"key": "Accept",
										"value": "application/json"
									}
								],
								"url": {
									"raw": "{{baseUrl}}/teams/count?where=",
									"host": [
										"{{baseUrl}}"
									],
									"path": [
										"teams",
										"count"
									],
									"query": [
										{
											"key": "where",
											"value": ""
										}
									]
								}
							},
							"response": [
								{
									"name": "Teams model count",
									"originalRequest": {
										"method": "GET",
										"header": [
											{
												"key": "Accept",
												"value": "application/json"
											}
										],
										"url": {
											"raw": "{{baseUrl}}/teams/count?where=",
											"host": [
												"{{baseUrl}}"
											],
											"path": [
												"teams",
												"count"
											],
											"query": [
												{
													"key": "where",
													"value": ""
												}
											]
										}
									},
									"status": "OK",
									"code": 200,
									"_postman_previewlanguage": "json",
									"header": [
										{
											"key": "Content-Type",
											"value": "application/json"
										}
									],
									"cookie": [],
									"body": "{\n  \"count\": \"<number>\"\n}"
								}
							]
						}
					]
				},
				{
					"name": "{id}",
					"item": [
						{
							"name": "Teams Controller.replace By Id",
							"request": {
								"method": "PUT",
								"header": [
									{
										"key": "Content-Type",
										"value": "application/json"
									},
									{
										"key": "Accept",
										"value": "application/json"
									}
								],
								"body": {
									"mode": "raw",
									"raw": "{\n  \"name\": \"<string>\",\n  \"id\": \"<number>\"\n}",
									"options": {
										"raw": {
											"headerFamily": "json",
											"language": "json"
										}
									}
								},
								"url": {
									"raw": "{{baseUrl}}/teams/:id",
									"host": [
										"{{baseUrl}}"
									],
									"path": [
										"teams",
										":id"
									],
									"variable": [
										{
											"key": "id",
											"value": "<number>",
											"description": "(Required) "
										}
									]
								}
							},
							"response": [
								{
									"name": "No Content",
									"originalRequest": {
										"method": "PUT",
										"header": [
											{
												"key": "Content-Type",
												"value": "application/json"
											},
											{
												"key": "Accept",
												"value": "application/json"
											}
										],
										"body": {
											"mode": "raw",
											"raw": "{\n  \"name\": \"<string>\",\n  \"id\": \"<number>\"\n}",
											"options": {
												"raw": {
													"headerFamily": "json",
													"language": "json"
												}
											}
										},
										"url": {
											"raw": "{{baseUrl}}/teams/:id",
											"host": [
												"{{baseUrl}}"
											],
											"path": [
												"teams",
												":id"
											],
											"variable": [
												{
													"key": "id"
												}
											]
										}
									},
									"status": "No Content",
									"code": 204,
									"_postman_previewlanguage": "json",
									"header": [
										{
											"key": "Content-Type",
											"value": "application/json"
										}
									],
									"cookie": [],
									"body": "{\n  \"description\": \"Teams PUT success\"\n}"
								}
							]
						},
						{
							"name": "Teams Controller.update By Id",
							"request": {
								"method": "PATCH",
								"header": [
									{
										"key": "Content-Type",
										"value": "application/json"
									},
									{
										"key": "Accept",
										"value": "application/json"
									}
								],
								"body": {
									"mode": "raw",
									"raw": "{\n  \"id\": \"<number>\",\n  \"name\": \"<string>\"\n}",
									"options": {
										"raw": {
											"headerFamily": "json",
											"language": "json"
										}
									}
								},
								"url": {
									"raw": "{{baseUrl}}/teams/:id",
									"host": [
										"{{baseUrl}}"
									],
									"path": [
										"teams",
										":id"
									],
									"variable": [
										{
											"key": "id",
											"value": "<number>",
											"description": "(Required) "
										}
									]
								}
							},
							"response": [
								{
									"name": "No Content",
									"originalRequest": {
										"method": "PATCH",
										"header": [
											{
												"key": "Content-Type",
												"value": "application/json"
											},
											{
												"key": "Accept",
												"value": "application/json"
											}
										],
										"body": {
											"mode": "raw",
											"raw": "{\n  \"id\": \"<number>\",\n  \"name\": \"<string>\"\n}",
											"options": {
												"raw": {
													"headerFamily": "json",
													"language": "json"
												}
											}
										},
										"url": {
											"raw": "{{baseUrl}}/teams/:id",
											"host": [
												"{{baseUrl}}"
											],
											"path": [
												"teams",
												":id"
											],
											"variable": [
												{
													"key": "id"
												}
											]
										}
									},
									"status": "No Content",
									"code": 204,
									"_postman_previewlanguage": "json",
									"header": [
										{
											"key": "Content-Type",
											"value": "application/json"
										}
									],
									"cookie": [],
									"body": "{\n  \"description\": \"Teams PATCH success\"\n}"
								}
							]
						},
						{
							"name": "Teams Controller.find By Id",
							"request": {
								"method": "GET",
								"header": [
									{
										"key": "Accept",
										"value": "application/json"
									}
								],
								"url": {
									"raw": "{{baseUrl}}/teams/:id?filter=",
									"host": [
										"{{baseUrl}}"
									],
									"path": [
										"teams",
										":id"
									],
									"query": [
										{
											"key": "filter",
											"value": ""
										}
									],
									"variable": [
										{
											"key": "id",
											"value": "<number>",
											"description": "(Required) "
										}
									]
								}
							},
							"response": [
								{
									"name": "Teams model instance",
									"originalRequest": {
										"method": "GET",
										"header": [
											{
												"key": "Accept",
												"value": "application/json"
											}
										],
										"url": {
											"raw": "{{baseUrl}}/teams/:id?filter=",
											"host": [
												"{{baseUrl}}"
											],
											"path": [
												"teams",
												":id"
											],
											"query": [
												{
													"key": "filter",
													"value": ""
												}
											],
											"variable": [
												{
													"key": "id"
												}
											]
										}
									},
									"status": "OK",
									"code": 200,
									"_postman_previewlanguage": "json",
									"header": [
										{
											"key": "Content-Type",
											"value": "application/json"
										}
									],
									"cookie": [],
									"body": "{\n  \"name\": \"<string>\",\n  \"id\": \"<number>\"\n}"
								}
							]
						},
						{
							"name": "Teams Controller.delete By Id",
							"request": {
								"method": "DELETE",
								"header": [
									{
										"key": "Accept",
										"value": "application/json"
									}
								],
								"url": {
									"raw": "{{baseUrl}}/teams/:id",
									"host": [
										"{{baseUrl}}"
									],
									"path": [
										"teams",
										":id"
									],
									"variable": [
										{
											"key": "id",
											"value": "<number>",
											"description": "(Required) "
										}
									]
								}
							},
							"response": [
								{
									"name": "No Content",
									"originalRequest": {
										"method": "DELETE",
										"header": [
											{
												"key": "Accept",
												"value": "application/json"
											}
										],
										"url": {
											"raw": "{{baseUrl}}/teams/:id",
											"host": [
												"{{baseUrl}}"
											],
											"path": [
												"teams",
												":id"
											],
											"variable": [
												{
													"key": "id"
												}
											]
										}
									},
									"status": "No Content",
									"code": 204,
									"_postman_previewlanguage": "json",
									"header": [
										{
											"key": "Content-Type",
											"value": "application/json"
										}
									],
									"cookie": [],
									"body": "{\n  \"description\": \"Teams DELETE success\"\n}"
								}
							]
						}
					]
				},
				{
					"name": "Teams Controller.create",
					"request": {
						"method": "POST",
						"header": [
							{
								"key": "Content-Type",
								"value": "application/json"
							},
							{
								"key": "Accept",
								"value": "application/json"
							}
						],
						"body": {
							"mode": "raw",
							"raw": "{\n  \"name\": \"<string>\"\n}",
							"options": {
								"raw": {
									"headerFamily": "json",
									"language": "json"
								}
							}
						},
						"url": {
							"raw": "{{baseUrl}}/teams",
							"host": [
								"{{baseUrl}}"
							],
							"path": [
								"teams"
							]
						}
					},
					"response": [
						{
							"name": "Teams model instance",
							"originalRequest": {
								"method": "POST",
								"header": [
									{
										"key": "Content-Type",
										"value": "application/json"
									},
									{
										"key": "Accept",
										"value": "application/json"
									}
								],
								"body": {
									"mode": "raw",
									"raw": "{\n  \"name\": \"<string>\"\n}",
									"options": {
										"raw": {
											"headerFamily": "json",
											"language": "json"
										}
									}
								},
								"url": {
									"raw": "{{baseUrl}}/teams",
									"host": [
										"{{baseUrl}}"
									],
									"path": [
										"teams"
									]
								}
							},
							"status": "OK",
							"code": 200,
							"_postman_previewlanguage": "json",
							"header": [
								{
									"key": "Content-Type",
									"value": "application/json"
								}
							],
							"cookie": [],
							"body": "{\n  \"name\": \"<string>\",\n  \"id\": \"<number>\"\n}"
						}
					]
				},
				{
					"name": "Teams Controller.update All",
					"request": {
						"method": "PATCH",
						"header": [
							{
								"key": "Content-Type",
								"value": "application/json"
							},
							{
								"key": "Accept",
								"value": "application/json"
							}
						],
						"body": {
							"mode": "raw",
							"raw": "{\n  \"id\": \"<number>\",\n  \"name\": \"<string>\"\n}",
							"options": {
								"raw": {
									"headerFamily": "json",
									"language": "json"
								}
							}
						},
						"url": {
							"raw": "{{baseUrl}}/teams?where=",
							"host": [
								"{{baseUrl}}"
							],
							"path": [
								"teams"
							],
							"query": [
								{
									"key": "where",
									"value": ""
								}
							]
						}
					},
					"response": [
						{
							"name": "Teams PATCH success count",
							"originalRequest": {
								"method": "PATCH",
								"header": [
									{
										"key": "Content-Type",
										"value": "application/json"
									},
									{
										"key": "Accept",
										"value": "application/json"
									}
								],
								"body": {
									"mode": "raw",
									"raw": "{\n  \"id\": \"<number>\",\n  \"name\": \"<string>\"\n}",
									"options": {
										"raw": {
											"headerFamily": "json",
											"language": "json"
										}
									}
								},
								"url": {
									"raw": "{{baseUrl}}/teams?where=",
									"host": [
										"{{baseUrl}}"
									],
									"path": [
										"teams"
									],
									"query": [
										{
											"key": "where",
											"value": ""
										}
									]
								}
							},
							"status": "OK",
							"code": 200,
							"_postman_previewlanguage": "json",
							"header": [
								{
									"key": "Content-Type",
									"value": "application/json"
								}
							],
							"cookie": [],
							"body": "{\n  \"count\": \"<number>\"\n}"
						}
					]
				},
				{
					"name": "Teams Controller.find",
					"request": {
						"method": "GET",
						"header": [
							{
								"key": "Accept",
								"value": "application/json"
							}
						],
						"url": {
							"raw": "{{baseUrl}}/teams?filter=",
							"host": [
								"{{baseUrl}}"
							],
							"path": [
								"teams"
							],
							"query": [
								{
									"key": "filter",
									"value": ""
								}
							]
						}
					},
					"response": [
						{
							"name": "Array of Teams model instances",
							"originalRequest": {
								"method": "GET",
								"header": [
									{
										"key": "Accept",
										"value": "application/json"
									}
								],
								"url": {
									"raw": "{{baseUrl}}/teams?filter=",
									"host": [
										"{{baseUrl}}"
									],
									"path": [
										"teams"
									],
									"query": [
										{
											"key": "filter",
											"value": ""
										}
									]
								}
							},
							"status": "OK",
							"code": 200,
							"_postman_previewlanguage": "json",
							"header": [
								{
									"key": "Content-Type",
									"value": "application/json"
								}
							],
							"cookie": [],
							"body": "[\n  {\n    \"name\": \"<string>\",\n    \"id\": \"<number>\"\n  },\n  {\n    \"name\": \"<string>\",\n    \"id\": \"<number>\"\n  }\n]"
						}
					]
				}
			]
		},
		{
			"name": "tipos",
			"item": [
				{
					"name": "count",
					"item": [
						{
							"name": "Tipo Controller.count",
							"request": {
								"method": "GET",
								"header": [
									{
										"key": "Accept",
										"value": "application/json"
									}
								],
								"url": {
									"raw": "{{baseUrl}}/tipos/count?where=",
									"host": [
										"{{baseUrl}}"
									],
									"path": [
										"tipos",
										"count"
									],
									"query": [
										{
											"key": "where",
											"value": ""
										}
									]
								}
							},
							"response": [
								{
									"name": "Tipo model count",
									"originalRequest": {
										"method": "GET",
										"header": [
											{
												"key": "Accept",
												"value": "application/json"
											}
										],
										"url": {
											"raw": "{{baseUrl}}/tipos/count?where=",
											"host": [
												"{{baseUrl}}"
											],
											"path": [
												"tipos",
												"count"
											],
											"query": [
												{
													"key": "where",
													"value": ""
												}
											]
										}
									},
									"status": "OK",
									"code": 200,
									"_postman_previewlanguage": "json",
									"header": [
										{
											"key": "Content-Type",
											"value": "application/json"
										}
									],
									"cookie": [],
									"body": "{\n  \"count\": \"<number>\"\n}"
								}
							]
						}
					]
				},
				{
					"name": "{id}",
					"item": [
						{
							"name": "Tipo Controller.replace By Id",
							"request": {
								"method": "PUT",
								"header": [
									{
										"key": "Content-Type",
										"value": "application/json"
									},
									{
										"key": "Accept",
										"value": "application/json"
									}
								],
								"body": {
									"mode": "raw",
									"raw": "{\n  \"name\": \"<string>\",\n  \"id\": \"<number>\"\n}",
									"options": {
										"raw": {
											"headerFamily": "json",
											"language": "json"
										}
									}
								},
								"url": {
									"raw": "{{baseUrl}}/tipos/:id",
									"host": [
										"{{baseUrl}}"
									],
									"path": [
										"tipos",
										":id"
									],
									"variable": [
										{
											"key": "id",
											"value": "<number>",
											"description": "(Required) "
										}
									]
								}
							},
							"response": [
								{
									"name": "No Content",
									"originalRequest": {
										"method": "PUT",
										"header": [
											{
												"key": "Content-Type",
												"value": "application/json"
											},
											{
												"key": "Accept",
												"value": "application/json"
											}
										],
										"body": {
											"mode": "raw",
											"raw": "{\n  \"name\": \"<string>\",\n  \"id\": \"<number>\"\n}",
											"options": {
												"raw": {
													"headerFamily": "json",
													"language": "json"
												}
											}
										},
										"url": {
											"raw": "{{baseUrl}}/tipos/:id",
											"host": [
												"{{baseUrl}}"
											],
											"path": [
												"tipos",
												":id"
											],
											"variable": [
												{
													"key": "id"
												}
											]
										}
									},
									"status": "No Content",
									"code": 204,
									"_postman_previewlanguage": "json",
									"header": [
										{
											"key": "Content-Type",
											"value": "application/json"
										}
									],
									"cookie": [],
									"body": "{\n  \"description\": \"Tipo PUT success\"\n}"
								}
							]
						},
						{
							"name": "Tipo Controller.update By Id",
							"request": {
								"method": "PATCH",
								"header": [
									{
										"key": "Content-Type",
										"value": "application/json"
									},
									{
										"key": "Accept",
										"value": "application/json"
									}
								],
								"body": {
									"mode": "raw",
									"raw": "{\n  \"id\": \"<number>\",\n  \"name\": \"<string>\"\n}",
									"options": {
										"raw": {
											"headerFamily": "json",
											"language": "json"
										}
									}
								},
								"url": {
									"raw": "{{baseUrl}}/tipos/:id",
									"host": [
										"{{baseUrl}}"
									],
									"path": [
										"tipos",
										":id"
									],
									"variable": [
										{
											"key": "id",
											"value": "<number>",
											"description": "(Required) "
										}
									]
								}
							},
							"response": [
								{
									"name": "No Content",
									"originalRequest": {
										"method": "PATCH",
										"header": [
											{
												"key": "Content-Type",
												"value": "application/json"
											},
											{
												"key": "Accept",
												"value": "application/json"
											}
										],
										"body": {
											"mode": "raw",
											"raw": "{\n  \"id\": \"<number>\",\n  \"name\": \"<string>\"\n}",
											"options": {
												"raw": {
													"headerFamily": "json",
													"language": "json"
												}
											}
										},
										"url": {
											"raw": "{{baseUrl}}/tipos/:id",
											"host": [
												"{{baseUrl}}"
											],
											"path": [
												"tipos",
												":id"
											],
											"variable": [
												{
													"key": "id"
												}
											]
										}
									},
									"status": "No Content",
									"code": 204,
									"_postman_previewlanguage": "json",
									"header": [
										{
											"key": "Content-Type",
											"value": "application/json"
										}
									],
									"cookie": [],
									"body": "{\n  \"description\": \"Tipo PATCH success\"\n}"
								}
							]
						},
						{
							"name": "Tipo Controller.find By Id",
							"request": {
								"method": "GET",
								"header": [
									{
										"key": "Accept",
										"value": "application/json"
									}
								],
								"url": {
									"raw": "{{baseUrl}}/tipos/:id?filter=",
									"host": [
										"{{baseUrl}}"
									],
									"path": [
										"tipos",
										":id"
									],
									"query": [
										{
											"key": "filter",
											"value": ""
										}
									],
									"variable": [
										{
											"key": "id",
											"value": "<number>",
											"description": "(Required) "
										}
									]
								}
							},
							"response": [
								{
									"name": "Tipo model instance",
									"originalRequest": {
										"method": "GET",
										"header": [
											{
												"key": "Accept",
												"value": "application/json"
											}
										],
										"url": {
											"raw": "{{baseUrl}}/tipos/:id?filter=",
											"host": [
												"{{baseUrl}}"
											],
											"path": [
												"tipos",
												":id"
											],
											"query": [
												{
													"key": "filter",
													"value": ""
												}
											],
											"variable": [
												{
													"key": "id"
												}
											]
										}
									},
									"status": "OK",
									"code": 200,
									"_postman_previewlanguage": "json",
									"header": [
										{
											"key": "Content-Type",
											"value": "application/json"
										}
									],
									"cookie": [],
									"body": "{\n  \"name\": \"<string>\",\n  \"id\": \"<number>\"\n}"
								}
							]
						},
						{
							"name": "Tipo Controller.delete By Id",
							"request": {
								"method": "DELETE",
								"header": [
									{
										"key": "Accept",
										"value": "application/json"
									}
								],
								"url": {
									"raw": "{{baseUrl}}/tipos/:id",
									"host": [
										"{{baseUrl}}"
									],
									"path": [
										"tipos",
										":id"
									],
									"variable": [
										{
											"key": "id",
											"value": "<number>",
											"description": "(Required) "
										}
									]
								}
							},
							"response": [
								{
									"name": "No Content",
									"originalRequest": {
										"method": "DELETE",
										"header": [
											{
												"key": "Accept",
												"value": "application/json"
											}
										],
										"url": {
											"raw": "{{baseUrl}}/tipos/:id",
											"host": [
												"{{baseUrl}}"
											],
											"path": [
												"tipos",
												":id"
											],
											"variable": [
												{
													"key": "id"
												}
											]
										}
									},
									"status": "No Content",
									"code": 204,
									"_postman_previewlanguage": "json",
									"header": [
										{
											"key": "Content-Type",
											"value": "application/json"
										}
									],
									"cookie": [],
									"body": "{\n  \"description\": \"Tipo DELETE success\"\n}"
								}
							]
						}
					]
				},
				{
					"name": "Tipo Controller.create",
					"request": {
						"method": "POST",
						"header": [
							{
								"key": "Content-Type",
								"value": "application/json"
							},
							{
								"key": "Accept",
								"value": "application/json"
							}
						],
						"body": {
							"mode": "raw",
							"raw": "{\n  \"name\": \"<string>\"\n}",
							"options": {
								"raw": {
									"headerFamily": "json",
									"language": "json"
								}
							}
						},
						"url": {
							"raw": "{{baseUrl}}/tipos",
							"host": [
								"{{baseUrl}}"
							],
							"path": [
								"tipos"
							]
						}
					},
					"response": [
						{
							"name": "Tipo model instance",
							"originalRequest": {
								"method": "POST",
								"header": [
									{
										"key": "Content-Type",
										"value": "application/json"
									},
									{
										"key": "Accept",
										"value": "application/json"
									}
								],
								"body": {
									"mode": "raw",
									"raw": "{\n  \"name\": \"<string>\"\n}",
									"options": {
										"raw": {
											"headerFamily": "json",
											"language": "json"
										}
									}
								},
								"url": {
									"raw": "{{baseUrl}}/tipos",
									"host": [
										"{{baseUrl}}"
									],
									"path": [
										"tipos"
									]
								}
							},
							"status": "OK",
							"code": 200,
							"_postman_previewlanguage": "json",
							"header": [
								{
									"key": "Content-Type",
									"value": "application/json"
								}
							],
							"cookie": [],
							"body": "{\n  \"name\": \"<string>\",\n  \"id\": \"<number>\"\n}"
						}
					]
				},
				{
					"name": "Tipo Controller.update All",
					"request": {
						"method": "PATCH",
						"header": [
							{
								"key": "Content-Type",
								"value": "application/json"
							},
							{
								"key": "Accept",
								"value": "application/json"
							}
						],
						"body": {
							"mode": "raw",
							"raw": "{\n  \"id\": \"<number>\",\n  \"name\": \"<string>\"\n}",
							"options": {
								"raw": {
									"headerFamily": "json",
									"language": "json"
								}
							}
						},
						"url": {
							"raw": "{{baseUrl}}/tipos?where=",
							"host": [
								"{{baseUrl}}"
							],
							"path": [
								"tipos"
							],
							"query": [
								{
									"key": "where",
									"value": ""
								}
							]
						}
					},
					"response": [
						{
							"name": "Tipo PATCH success count",
							"originalRequest": {
								"method": "PATCH",
								"header": [
									{
										"key": "Content-Type",
										"value": "application/json"
									},
									{
										"key": "Accept",
										"value": "application/json"
									}
								],
								"body": {
									"mode": "raw",
									"raw": "{\n  \"id\": \"<number>\",\n  \"name\": \"<string>\"\n}",
									"options": {
										"raw": {
											"headerFamily": "json",
											"language": "json"
										}
									}
								},
								"url": {
									"raw": "{{baseUrl}}/tipos?where=",
									"host": [
										"{{baseUrl}}"
									],
									"path": [
										"tipos"
									],
									"query": [
										{
											"key": "where",
											"value": ""
										}
									]
								}
							},
							"status": "OK",
							"code": 200,
							"_postman_previewlanguage": "json",
							"header": [
								{
									"key": "Content-Type",
									"value": "application/json"
								}
							],
							"cookie": [],
							"body": "{\n  \"count\": \"<number>\"\n}"
						}
					]
				},
				{
					"name": "Tipo Controller.find",
					"request": {
						"method": "GET",
						"header": [
							{
								"key": "Accept",
								"value": "application/json"
							}
						],
						"url": {
							"raw": "{{baseUrl}}/tipos?filter=",
							"host": [
								"{{baseUrl}}"
							],
							"path": [
								"tipos"
							],
							"query": [
								{
									"key": "filter",
									"value": ""
								}
							]
						}
					},
					"response": [
						{
							"name": "Array of Tipo model instances",
							"originalRequest": {
								"method": "GET",
								"header": [
									{
										"key": "Accept",
										"value": "application/json"
									}
								],
								"url": {
									"raw": "{{baseUrl}}/tipos?filter=",
									"host": [
										"{{baseUrl}}"
									],
									"path": [
										"tipos"
									],
									"query": [
										{
											"key": "filter",
											"value": ""
										}
									]
								}
							},
							"status": "OK",
							"code": 200,
							"_postman_previewlanguage": "json",
							"header": [
								{
									"key": "Content-Type",
									"value": "application/json"
								}
							],
							"cookie": [],
							"body": "[\n  {\n    \"name\": \"<string>\",\n    \"id\": \"<number>\"\n  },\n  {\n    \"name\": \"<string>\",\n    \"id\": \"<number>\"\n  }\n]"
						}
					]
				}
			]
		},
		{
			"name": "trainers",
			"item": [
				{
					"name": "count",
					"item": [
						{
							"name": "Trainer Controller.count",
							"request": {
								"method": "GET",
								"header": [
									{
										"key": "Accept",
										"value": "application/json"
									}
								],
								"url": {
									"raw": "{{baseUrl}}/trainers/count?where=",
									"host": [
										"{{baseUrl}}"
									],
									"path": [
										"trainers",
										"count"
									],
									"query": [
										{
											"key": "where",
											"value": ""
										}
									]
								}
							},
							"response": [
								{
									"name": "Trainer model count",
									"originalRequest": {
										"method": "GET",
										"header": [
											{
												"key": "Accept",
												"value": "application/json"
											}
										],
										"url": {
											"raw": "{{baseUrl}}/trainers/count?where=",
											"host": [
												"{{baseUrl}}"
											],
											"path": [
												"trainers",
												"count"
											],
											"query": [
												{
													"key": "where",
													"value": ""
												}
											]
										}
									},
									"status": "OK",
									"code": 200,
									"_postman_previewlanguage": "json",
									"header": [
										{
											"key": "Content-Type",
											"value": "application/json"
										}
									],
									"cookie": [],
									"body": "{\n  \"count\": \"<number>\"\n}"
								}
							]
						}
					]
				},
				{
					"name": "{id}",
					"item": [
						{
							"name": "Trainer Controller.replace By Id",
							"request": {
								"method": "PUT",
								"header": [
									{
										"key": "Content-Type",
										"value": "application/json"
									},
									{
										"key": "Accept",
										"value": "application/json"
									}
								],
								"body": {
									"mode": "raw",
									"raw": "{\n  \"name\": \"<string>\",\n  \"id\": \"<number>\"\n}",
									"options": {
										"raw": {
											"headerFamily": "json",
											"language": "json"
										}
									}
								},
								"url": {
									"raw": "{{baseUrl}}/trainers/:id",
									"host": [
										"{{baseUrl}}"
									],
									"path": [
										"trainers",
										":id"
									],
									"variable": [
										{
											"key": "id",
											"value": "<number>",
											"description": "(Required) "
										}
									]
								}
							},
							"response": [
								{
									"name": "No Content",
									"originalRequest": {
										"method": "PUT",
										"header": [
											{
												"key": "Content-Type",
												"value": "application/json"
											},
											{
												"key": "Accept",
												"value": "application/json"
											}
										],
										"body": {
											"mode": "raw",
											"raw": "{\n  \"name\": \"<string>\",\n  \"id\": \"<number>\"\n}",
											"options": {
												"raw": {
													"headerFamily": "json",
													"language": "json"
												}
											}
										},
										"url": {
											"raw": "{{baseUrl}}/trainers/:id",
											"host": [
												"{{baseUrl}}"
											],
											"path": [
												"trainers",
												":id"
											],
											"variable": [
												{
													"key": "id"
												}
											]
										}
									},
									"status": "No Content",
									"code": 204,
									"_postman_previewlanguage": "json",
									"header": [
										{
											"key": "Content-Type",
											"value": "application/json"
										}
									],
									"cookie": [],
									"body": "{\n  \"description\": \"Trainer PUT success\"\n}"
								}
							]
						},
						{
							"name": "Trainer Controller.update By Id",
							"request": {
								"method": "PATCH",
								"header": [
									{
										"key": "Content-Type",
										"value": "application/json"
									},
									{
										"key": "Accept",
										"value": "application/json"
									}
								],
								"body": {
									"mode": "raw",
									"raw": "{\n  \"id\": \"<number>\",\n  \"name\": \"<string>\"\n}",
									"options": {
										"raw": {
											"headerFamily": "json",
											"language": "json"
										}
									}
								},
								"url": {
									"raw": "{{baseUrl}}/trainers/:id",
									"host": [
										"{{baseUrl}}"
									],
									"path": [
										"trainers",
										":id"
									],
									"variable": [
										{
											"key": "id",
											"value": "<number>",
											"description": "(Required) "
										}
									]
								}
							},
							"response": [
								{
									"name": "No Content",
									"originalRequest": {
										"method": "PATCH",
										"header": [
											{
												"key": "Content-Type",
												"value": "application/json"
											},
											{
												"key": "Accept",
												"value": "application/json"
											}
										],
										"body": {
											"mode": "raw",
											"raw": "{\n  \"id\": \"<number>\",\n  \"name\": \"<string>\"\n}",
											"options": {
												"raw": {
													"headerFamily": "json",
													"language": "json"
												}
											}
										},
										"url": {
											"raw": "{{baseUrl}}/trainers/:id",
											"host": [
												"{{baseUrl}}"
											],
											"path": [
												"trainers",
												":id"
											],
											"variable": [
												{
													"key": "id"
												}
											]
										}
									},
									"status": "No Content",
									"code": 204,
									"_postman_previewlanguage": "json",
									"header": [
										{
											"key": "Content-Type",
											"value": "application/json"
										}
									],
									"cookie": [],
									"body": "{\n  \"description\": \"Trainer PATCH success\"\n}"
								}
							]
						},
						{
							"name": "Trainer Controller.find By Id",
							"request": {
								"method": "GET",
								"header": [
									{
										"key": "Accept",
										"value": "application/json"
									}
								],
								"url": {
									"raw": "{{baseUrl}}/trainers/:id?filter=",
									"host": [
										"{{baseUrl}}"
									],
									"path": [
										"trainers",
										":id"
									],
									"query": [
										{
											"key": "filter",
											"value": ""
										}
									],
									"variable": [
										{
											"key": "id",
											"value": "<number>",
											"description": "(Required) "
										}
									]
								}
							},
							"response": [
								{
									"name": "Trainer model instance",
									"originalRequest": {
										"method": "GET",
										"header": [
											{
												"key": "Accept",
												"value": "application/json"
											}
										],
										"url": {
											"raw": "{{baseUrl}}/trainers/:id?filter=",
											"host": [
												"{{baseUrl}}"
											],
											"path": [
												"trainers",
												":id"
											],
											"query": [
												{
													"key": "filter",
													"value": ""
												}
											],
											"variable": [
												{
													"key": "id"
												}
											]
										}
									},
									"status": "OK",
									"code": 200,
									"_postman_previewlanguage": "json",
									"header": [
										{
											"key": "Content-Type",
											"value": "application/json"
										}
									],
									"cookie": [],
									"body": "{\n  \"name\": \"<string>\",\n  \"id\": \"<number>\"\n}"
								}
							]
						},
						{
							"name": "Trainer Controller.delete By Id",
							"request": {
								"method": "DELETE",
								"header": [
									{
										"key": "Accept",
										"value": "application/json"
									}
								],
								"url": {
									"raw": "{{baseUrl}}/trainers/:id",
									"host": [
										"{{baseUrl}}"
									],
									"path": [
										"trainers",
										":id"
									],
									"variable": [
										{
											"key": "id",
											"value": "<number>",
											"description": "(Required) "
										}
									]
								}
							},
							"response": [
								{
									"name": "No Content",
									"originalRequest": {
										"method": "DELETE",
										"header": [
											{
												"key": "Accept",
												"value": "application/json"
											}
										],
										"url": {
											"raw": "{{baseUrl}}/trainers/:id",
											"host": [
												"{{baseUrl}}"
											],
											"path": [
												"trainers",
												":id"
											],
											"variable": [
												{
													"key": "id"
												}
											]
										}
									},
									"status": "No Content",
									"code": 204,
									"_postman_previewlanguage": "json",
									"header": [
										{
											"key": "Content-Type",
											"value": "application/json"
										}
									],
									"cookie": [],
									"body": "{\n  \"description\": \"Trainer DELETE success\"\n}"
								}
							]
						}
					]
				},
				{
					"name": "Trainer Controller.create",
					"request": {
						"method": "POST",
						"header": [
							{
								"key": "Content-Type",
								"value": "application/json"
							},
							{
								"key": "Accept",
								"value": "application/json"
							}
						],
						"body": {
							"mode": "raw",
							"raw": "{\n  \"name\": \"<string>\"\n}",
							"options": {
								"raw": {
									"headerFamily": "json",
									"language": "json"
								}
							}
						},
						"url": {
							"raw": "{{baseUrl}}/trainers",
							"host": [
								"{{baseUrl}}"
							],
							"path": [
								"trainers"
							]
						}
					},
					"response": [
						{
							"name": "Trainer model instance",
							"originalRequest": {
								"method": "POST",
								"header": [
									{
										"key": "Content-Type",
										"value": "application/json"
									},
									{
										"key": "Accept",
										"value": "application/json"
									}
								],
								"body": {
									"mode": "raw",
									"raw": "{\n  \"name\": \"<string>\"\n}",
									"options": {
										"raw": {
											"headerFamily": "json",
											"language": "json"
										}
									}
								},
								"url": {
									"raw": "{{baseUrl}}/trainers",
									"host": [
										"{{baseUrl}}"
									],
									"path": [
										"trainers"
									]
								}
							},
							"status": "OK",
							"code": 200,
							"_postman_previewlanguage": "json",
							"header": [
								{
									"key": "Content-Type",
									"value": "application/json"
								}
							],
							"cookie": [],
							"body": "{\n  \"name\": \"<string>\",\n  \"id\": \"<number>\"\n}"
						}
					]
				},
				{
					"name": "Trainer Controller.update All",
					"request": {
						"method": "PATCH",
						"header": [
							{
								"key": "Content-Type",
								"value": "application/json"
							},
							{
								"key": "Accept",
								"value": "application/json"
							}
						],
						"body": {
							"mode": "raw",
							"raw": "{\n  \"id\": \"<number>\",\n  \"name\": \"<string>\"\n}",
							"options": {
								"raw": {
									"headerFamily": "json",
									"language": "json"
								}
							}
						},
						"url": {
							"raw": "{{baseUrl}}/trainers?where=",
							"host": [
								"{{baseUrl}}"
							],
							"path": [
								"trainers"
							],
							"query": [
								{
									"key": "where",
									"value": ""
								}
							]
						}
					},
					"response": [
						{
							"name": "Trainer PATCH success count",
							"originalRequest": {
								"method": "PATCH",
								"header": [
									{
										"key": "Content-Type",
										"value": "application/json"
									},
									{
										"key": "Accept",
										"value": "application/json"
									}
								],
								"body": {
									"mode": "raw",
									"raw": "{\n  \"id\": \"<number>\",\n  \"name\": \"<string>\"\n}",
									"options": {
										"raw": {
											"headerFamily": "json",
											"language": "json"
										}
									}
								},
								"url": {
									"raw": "{{baseUrl}}/trainers?where=",
									"host": [
										"{{baseUrl}}"
									],
									"path": [
										"trainers"
									],
									"query": [
										{
											"key": "where",
											"value": ""
										}
									]
								}
							},
							"status": "OK",
							"code": 200,
							"_postman_previewlanguage": "json",
							"header": [
								{
									"key": "Content-Type",
									"value": "application/json"
								}
							],
							"cookie": [],
							"body": "{\n  \"count\": \"<number>\"\n}"
						}
					]
				},
				{
					"name": "Trainer Controller.find",
					"request": {
						"method": "GET",
						"header": [
							{
								"key": "Accept",
								"value": "application/json"
							}
						],
						"url": {
							"raw": "{{baseUrl}}/trainers?filter=",
							"host": [
								"{{baseUrl}}"
							],
							"path": [
								"trainers"
							],
							"query": [
								{
									"key": "filter",
									"value": ""
								}
							]
						}
					},
					"response": [
						{
							"name": "Array of Trainer model instances",
							"originalRequest": {
								"method": "GET",
								"header": [
									{
										"key": "Accept",
										"value": "application/json"
									}
								],
								"url": {
									"raw": "{{baseUrl}}/trainers?filter=",
									"host": [
										"{{baseUrl}}"
									],
									"path": [
										"trainers"
									],
									"query": [
										{
											"key": "filter",
											"value": ""
										}
									]
								}
							},
							"status": "OK",
							"code": 200,
							"_postman_previewlanguage": "json",
							"header": [
								{
									"key": "Content-Type",
									"value": "application/json"
								}
							],
							"cookie": [],
							"body": "[\n  {\n    \"name\": \"<string>\",\n    \"id\": \"<number>\"\n  },\n  {\n    \"name\": \"<string>\",\n    \"id\": \"<number>\"\n  }\n]"
						}
					]
				}
			]
		}
	],
	"variable": [
		{
			"key": "baseUrl",
			"value": "http://localhost:3000"
		}
	]
}